491,531,3,本番動画_0511
545,585,2,本番動画_0565
555,595,1,本番動画_0575
587,627,1,本番動画_0607
624,664,3,本番動画_0644
663,703,3,本番動画_0683
700,740,1,本番動画_0720
725,765,1,本番動画_0745
863,903,1,本番動画_0883
917,957,2,本番動画_0937
968,1008,2,本番動画_0988
1054,1094,2,本番動画_1074
1081,1121,3,本番動画_1101
1160,1200,2,本番動画_1180
1193,1233,2,本番動画_1213
1207,1247,3,本番動画_1227
1232,1272,1,本番動画_1252
1280,1320,3,本番動画_1300
1308,1348,2,本番動画_1328
1455,1495,2,本番動画_1475
1514,1554,2,本番動画_1534
1639,1679,3,本番動画_1659
1693,1733,3,本番動画_1713
1719,1759,3,本番動画_1739
1855,1895,2,本番動画_1875
1965,2005,1,本番動画_1985
2048,2088,3,本番動画_2068
2132,2172,3,本番動画_2152
2173,2213,1,本番動画_2193
2209,2249,1,本番動画_2229
2238,2278,1,本番動画_2258
2251,2291,1,本番動画_2271
